Config,system/libraries/Config.php
RepositoryBackendTheme,system/modules/rep_client/RepositoryBackendTheme.php
Environment,system/libraries/Environment.php
Input,system/libraries/Input.php
Controller,system/libraries/Controller.php
Frontend,system/modules/frontend/Frontend.php
Model,system/libraries/Model.php
User,system/libraries/User.php
FrontendUser,system/modules/frontend/FrontendUser.php
Session,system/libraries/Session.php
Database,system/libraries/Database.php
PageRegular,system/modules/frontend/PageRegular.php
Template,system/libraries/Template.php
FrontendTemplate,system/modules/frontend/FrontendTemplate.php
Combiner,system/libraries/Combiner.php
Module,system/modules/frontend/Module.php
ModuleHtml,system/modules/frontend/ModuleHtml.php
ModuleNavigation,system/modules/frontend/ModuleNavigation.php
ModuleLogin,system/modules/frontend/ModuleLogin.php
ModuleNews,system/modules/news/ModuleNews.php
ModuleNewsList,system/modules/news/ModuleNewsList.php
String,system/libraries/String.php
File,system/libraries/File.php
Files,system/libraries/Files.php
ModuleBreadcrumb,system/modules/frontend/ModuleBreadcrumb.php
ModuleArticle,system/modules/frontend/ModuleArticle.php
ContentElement,system/modules/frontend/ContentElement.php
ContentText,system/modules/frontend/ContentText.php
