"mod_html.html5","system/modules/frontend/templates/mod_html.html5"
"nav_default.html5","system/modules/frontend/templates/nav_default.html5"
"mod_navigation.html5","system/modules/frontend/templates/mod_navigation.html5"
"mod_login_1cl.html5","system/modules/frontend/templates/mod_login_1cl.html5"
"news_short.html5","system/modules/news/templates/news_short.html5"
"mod_newslist.html5","system/modules/news/templates/mod_newslist.html5"
"mod_breadcrumb.html5","system/modules/frontend/templates/mod_breadcrumb.html5"
"mod_article.html5","system/modules/frontend/templates/mod_article.html5"
"moo_accordion.html5","system/modules/frontend/templates/moo_accordion.html5"
"moo_mediabox.html5","system/modules/frontend/templates/moo_mediabox.html5"
"fe_page.html5","system/modules/frontend/templates/fe_page.html5"
"news_full.html5","system/modules/news/templates/news_full.html5"
"com_default.html5","system/modules/comments/templates/com_default.html5"
"mod_newsreader.html5","system/modules/news/templates/mod_newsreader.html5"
"mod_newsmenu.html5","system/modules/news/templates/mod_newsmenu.html5"
"mod_newsarchive_empty.html5","system/modules/news/templates/mod_newsarchive_empty.html5"
"news_simple.html5","system/modules/news/templates/news_simple.html5"
"mod_newsarchive.html5","system/modules/news/templates/mod_newsarchive.html5"
"cal_default.html5","system/modules/calendar/templates/cal_default.html5"
"mod_calendar.html5","system/modules/calendar/templates/mod_calendar.html5"
"event_full.html5","system/modules/calendar/templates/event_full.html5"
"mod_event.html5","system/modules/calendar/templates/mod_event.html5"
"cal_mini.html5","system/modules/calendar/templates/cal_mini.html5"
"pagination.html5","system/modules/frontend/templates/pagination.html5"
"event_list.html5","system/modules/calendar/templates/event_list.html5"
"mod_eventlist.html5","system/modules/calendar/templates/mod_eventlist.html5"
"gallery_default.html5","system/modules/frontend/templates/gallery_default.html5"
"ce_gallery.html5","system/modules/frontend/templates/ce_gallery.html5"
"mod_article_teaser.html5","system/modules/frontend/templates/mod_article_teaser.html5"
"ce_table.html5","system/modules/frontend/templates/ce_table.html5"
"mod_article_nav.html5","system/modules/frontend/templates/mod_article_nav.html5"
"form_headline.html5","system/modules/frontend/templates/form_headline.html5"
"form_explanation.html5","system/modules/frontend/templates/form_explanation.html5"
"form_widget.html5","system/modules/frontend/templates/form_widget.html5"
"form_submit.html5","system/modules/frontend/templates/form_submit.html5"
"form.html5","system/modules/frontend/templates/form.html5"
"mod_faqlist.html5","system/modules/faq/templates/mod_faqlist.html5"
"mod_search_advanced.html5","system/modules/frontend/templates/mod_search_advanced.html5"
"mod_search.html5","system/modules/frontend/templates/mod_search.html5"
"search_default.html5","system/modules/frontend/templates/search_default.html5"
"be_preview.html5","system/modules/backend/templates/be_preview.html5"
"mod_logout_1cl.html5","system/modules/frontend/templates/mod_logout_1cl.html5"
"be_switch.html5","system/modules/backend/templates/be_switch.html5"
"repository_mgrlist.html5","system/modules/rep_client/templates/repository_mgrlist.html5"
"repository_mgrupdt.html5","system/modules/rep_client/templates/repository_mgrupdt.html5"
"be_login.html5","system/modules/backend/templates/be_login.html5"
"be_widget_pw.html5","system/modules/backend/templates/be_widget_pw.html5"
"ce_headline.html5","system/modules/frontend/templates/ce_headline.html5"
"ce_accordion.html5","system/modules/frontend/templates/ce_accordion.html5"
"ce_text.html5","system/modules/frontend/templates/ce_text.html5"
"be_widget_rdo.html5","system/modules/backend/templates/be_widget_rdo.html5"
"be_widget_chk.html5","system/modules/backend/templates/be_widget_chk.html5"
"be_widget.html5","system/modules/backend/templates/be_widget.html5"
"be_main.html5","system/modules/backend/templates/be_main.html5"
