"Config","system/libraries/Config.php"
"RepositoryBackendTheme","system/modules/rep_client/RepositoryBackendTheme.php"
"Environment","system/libraries/Environment.php"
"Input","system/libraries/Input.php"
"Controller","system/libraries/Controller.php"
"Frontend","system/modules/frontend/Frontend.php"
"Model","system/libraries/Model.php"
"User","system/libraries/User.php"
"FrontendUser","system/modules/frontend/FrontendUser.php"
"Session","system/libraries/Session.php"
"Database","system/libraries/Database.php"
"PageRegular","system/modules/frontend/PageRegular.php"
"Template","system/libraries/Template.php"
"FrontendTemplate","system/modules/frontend/FrontendTemplate.php"
"Combiner","system/libraries/Combiner.php"
"Module","system/modules/frontend/Module.php"
"ModuleHtml","system/modules/frontend/ModuleHtml.php"
"ModuleNavigation","system/modules/frontend/ModuleNavigation.php"
"ModuleLogin","system/modules/frontend/ModuleLogin.php"
"ModuleNews","system/modules/news/ModuleNews.php"
"ModuleNewsList","system/modules/news/ModuleNewsList.php"
"String","system/libraries/String.php"
"File","system/libraries/File.php"
"Files","system/libraries/Files.php"
"ModuleBreadcrumb","system/modules/frontend/ModuleBreadcrumb.php"
"ModuleArticle","system/modules/frontend/ModuleArticle.php"
"ContentElement","system/modules/frontend/ContentElement.php"
"ContentModule","system/modules/frontend/ContentModule.php"
"ModuleFaqList","system/modules/faq/ModuleFaqList.php"
"ContentText","system/modules/frontend/ContentText.php"
"Backend","system/modules/backend/Backend.php"
"BackendUser","system/modules/backend/BackendUser.php"
"BackendTemplate","system/modules/backend/BackendTemplate.php"
"DataContainer","system/modules/backend/DataContainer.php"
"Widget","system/libraries/Widget.php"
"TextField","system/modules/backend/TextField.php"
"SelectMenu","system/modules/backend/SelectMenu.php"
"CheckBox","system/modules/backend/CheckBox.php"
"TextStore","system/modules/backend/TextStore.php"
"ChmodTable","system/modules/backend/ChmodTable.php"
"ContentHeadline","system/modules/frontend/ContentHeadline.php"
"ContentAccordion","system/modules/frontend/ContentAccordion.php"
"Search","system/libraries/Search.php"
"Pagination","system/modules/frontend/Pagination.php"
"Events","system/modules/calendar/Events.php"
"ModuleCalendar","system/modules/calendar/ModuleCalendar.php"
"Date","system/libraries/Date.php"
"ModuleNewsReader","system/modules/news/ModuleNewsReader.php"
"Comments","system/modules/comments/Comments.php"
"FormTextField","system/modules/frontend/FormTextField.php"
"FormCaptcha","system/modules/frontend/FormCaptcha.php"
"FormTextArea","system/modules/frontend/FormTextArea.php"
"ModuleNewsMenu","system/modules/news/ModuleNewsMenu.php"
"ModuleNewsArchive","system/modules/news/ModuleNewsArchive.php"
"ContentGallery","system/modules/frontend/ContentGallery.php"
"ContentTable","system/modules/frontend/ContentTable.php"
"Hybrid","system/modules/frontend/Hybrid.php"
"Form","system/modules/frontend/Form.php"
"FormHeadline","system/modules/frontend/FormHeadline.php"
"FormExplanation","system/modules/frontend/FormExplanation.php"
"FormCheckBox","system/modules/frontend/FormCheckBox.php"
"FormFileUpload","system/modules/frontend/FormFileUpload.php"
"FormSubmit","system/modules/frontend/FormSubmit.php"
"Ajax","system/modules/backend/Ajax.php"
"Newsletter","system/modules/newsletter/Newsletter.php"
"TextArea","system/modules/backend/TextArea.php"
"FileTree","system/modules/backend/FileTree.php"
"BackendModule","system/modules/backend/BackendModule.php"
"ModuleUser","system/modules/backend/ModuleUser.php"
"Password","system/modules/backend/Password.php"
"ModuleMaintenance","system/modules/backend/ModuleMaintenance.php"
"Automator","system/modules/backend/Automator.php"
"StyleSheets","system/modules/backend/StyleSheets.php"
