"ModuleHtml","1"
"ModuleNavigation","1"
"ModuleLogin","1"
"ModuleNewsList","1"
"ModuleBreadcrumb","1"
"ContentText","1"
"ContentHeadline","1"
"ContentAccordion","1"
"ContentModule","1"
"ModuleNewsReader","1"
"FormTextField","1"
"FormCaptcha","1"
"FormTextArea","1"
"ModuleNewsMenu","1"
"ModuleNewsArchive","1"
"ModuleCalendar","1"
"ModuleEventReader","1"
"ModuleEventMenu","1"
"ModuleEventlist","1"
"ContentGallery","1"
"ContentTable","1"
"ModuleArticlenav","1"
"Form","1"
"FormHeadline","1"
"FormExplanation","1"
"FormCheckBox","1"
"FormFileUpload","1"
"FormSubmit","1"
"ModuleFaqList","1"
"ModuleSearch","1"
"RepositoryManager","1"
"ContentAlias","1"
"ModuleMaintenance","1"
"ContentImage","1"
